<project name="MixedRealityBot" default="main" basedir=".">

	<target name="main">
		<description>Build the whole bot in one go!</description>
		<ant antfile="build.xml" dir="../bot_essentials" inheritAll="false"></ant>
		<ant antfile="build.xml" dir="../bot_network" inheritAll="false"></ant>
		<ant antfile="build.xml" dir="../bot_core" inheritAll="false"></ant>
		<ant antfile="build.xml" dir="../bot_mrlib" inheritAll="false"></ant>
		<ant antfile="build.xml" dir="../bot_remotecontrol" inheritAll="false"></ant>
		<ant antfile="build.xml" dir="../example_ai" inheritAll="false"></ant>
	</target>

</project>

